date,open,high,low,close,volume,_id,moving_avg_3,moving_avg_6,moving_avg_12,rolling_mean,rolling_std,upper_band,lower_band,monthly_return,ema12,ema26,macd,signal_line
2000-11-30,35.0,35.0,30.88,30.88,1344200,67a9260713de9e5d59bb4ea2,33.02333333333333,30.785,31.934166666666666,33.02333333333333,2.065050443290263,37.15343421991386,28.89323244675281,-11.771428571428578,32.61493279575513,34.20089544083589,-1.5859626450807625,-1.528454105354715
2000-12-29,30.94,34.13,29.94,33.06,2310800,67a9260713de9e5d59bb4ea1,32.98,32.02333333333333,31.53833333333333,32.98,2.061164719278879,37.10232943855775,28.85767056144224,7.059585492227982,32.68340467333127,34.11638466744064,-1.432979994109374,-1.5093592831056468
2001-01-31,33.13,38.5,33.0,38.3,2342100,67a9260713de9e5d59bb4ea0,34.08,33.80166666666667,31.933333333333334,34.08,3.813712102401015,41.70742420480203,26.45257579519797,15.849969751966109,33.547496262049535,34.42628209948207,-0.8787858374325381,-1.3832445939710252
2001-02-28,38.35,39.95,36.4,38.78,2254300,67a9260713de9e5d59bb4e9f,36.71333333333333,34.86833333333333,32.89416666666667,36.71333333333333,3.172969166779487,43.05927166689231,30.36739499977436,1.2532637075718167,34.352496837118835,34.74877972174266,-0.39628288462382244,-1.1858522521015846
2001-03-30,37.99,38.6,33.99,35.8,2055400,67a9260713de9e5d59bb4e9e,37.626666666666665,35.303333333333335,33.049166666666665,37.626666666666665,1.6000416661241452,40.826749998914956,34.426583334418375,-7.684373388344512,34.57518963140824,34.826647890502464,-0.25145825909422115,-0.9989734535001119
2001-04-30,35.8,43.0,33.65,41.8,2256100,67a9260713de9e5d59bb4e9d,38.79333333333333,36.43666666666666,33.9075,38.79333333333333,3.000022222139919,44.793377777613166,32.79328888905349,16.75977653631284,35.6866989188839,35.34319249120598,0.34350642767791584,-0.7304774772645064
2001-05-31,41.9,45.8,40.25,41.08,2671300,67a9260713de9e5d59bb4e9c,39.559999999999995,38.13666666666666,34.46083333333333,39.559999999999995,3.2760952367109244,46.11219047342185,33.00780952657814,-1.7224880382775143,36.51643754674791,35.76814119556109,0.7482963511868164,-0.4347227115742419
2001-06-29,41.5,44.32,39.26,41.75,1351000,67a9260713de9e5d59bb4e9b,41.54333333333333,39.585,35.80416666666667,41.54333333333333,0.4020364825900089,42.34740629851335,40.73926036815331,1.6309639727361214,37.321601001094386,36.21124184774175,1.1103591533526327,-0.12570633858886698
2001-07-31,42.0,42.4,34.99,37.85,1987400,67a9260713de9e5d59bb4e9a,40.22666666666667,39.51,36.655833333333334,40.22666666666667,2.085337702467713,44.39734207160209,36.05599126173124,-9.341317365269452,37.40289315477217,36.33263134050162,1.0702618142705518,0.11348729198301677
2001-08-31,39.25,45.0,38.52,41.0,1732700,67a9260713de9e5d59bb4e99,40.199999999999996,39.88,37.37416666666667,40.199999999999996,2.069420208657484,44.33884041731496,36.06115958268503,8.322324966974893,37.95629420788415,36.67836235231632,1.2779318555678287,0.34637620469997915
2001-09-28,41.25,42.31,31.0,35.99,1845300,67a9260713de9e5d59bb4e98,38.28,39.91166666666667,37.6075,38.28,2.5325283808873635,43.34505676177473,33.214943238225274,-12.21951219512195,37.6537874066712,36.62737254844104,1.0264148582301615,0.48238393540601565
2001-10-31,35.55,43.23,34.65,42.4,1487900,67a9260713de9e5d59bb4e97,39.796666666666674,40.01166666666666,38.22416666666667,39.796666666666674,3.3701681461513595,46.537002958969396,33.05633037436395,17.810502917477056,38.383973959491016,37.05497458188985,1.3289993776011642,0.6517070238450453
2001-11-30,42.0,43.9,35.9,42.0,2599300,67a9260713de9e5d59bb4e96,40.13,40.165,39.15083333333333,40.13,3.5909191024026086,47.31183820480522,32.948161795194785,-0.9433962264150941,38.94028565803086,37.42127276100912,1.5190128970217387,0.825168198480384
2001-12-31,43.8,52.25,41.9,49.5,3309300,67a9260713de9e5d59bb4e95,44.63333333333333,41.45666666666667,40.520833333333336,44.63333333333333,4.21939964133919,53.072132616011714,36.19453405065495,17.85714285714286,40.564857095256876,38.31599329723066,2.248863798026214,1.10990731838955
2002-01-31,49.5,52.91,46.45,49.99,2798300,67a9260713de9e5d59bb4e94,47.163333333333334,43.48,41.495,47.163333333333334,4.478284641839248,56.11990261701183,38.206764049654836,0.9898989898989852,42.01487908060197,39.18073453447283,2.8341445461291386,1.4547547639374678
2002-02-28,50.35,50.35,41.04,46.75,4111400,67a9260713de9e5d59bb4e93,48.74666666666667,44.43833333333333,42.159166666666664,48.74666666666667,1.7464344629367796,52.23953559254023,45.25379774079311,-6.481296259251856,42.74335922204782,39.74142086525262,3.0019383567952005,1.7641914825090144
2002-03-28,46.86,51.9,46.5,49.74,3176500,67a9260713de9e5d59bb4e92,48.82666666666666,46.73,43.32083333333333,48.82666666666666,1.8027848827115454,52.43223643208975,45.22109690124357,6.3957219251336905,43.81976549557893,40.48205635671539,3.337709138863538,2.078895013779919
2002-04-30,49.73,49.73,44.98,45.99,2747200,67a9260713de9e5d59bb4e91,47.49333333333334,47.32833333333334,43.669999999999995,47.49333333333334,1.9824311673632675,51.45819566805987,43.52847099860681,-7.539203860072375,44.15364772702832,40.890052182143876,3.2635955448844456,2.3158351200008243
2002-05-31,45.5,46.9,37.25,39.0,7311200,67a9260713de9e5d59bb4e90,44.910000000000004,46.82833333333334,43.49666666666667,44.910000000000004,5.450843971349757,55.81168794269952,34.008312057300486,-15.19895629484671,43.36077884594704,40.750048316799884,2.6107305291471548,2.37481420183009
2002-06-28,39.0,40.1,36.25,37.3,4414600,67a9260713de9e5d59bb4e8f,40.76333333333333,44.794999999999995,43.12583333333333,40.76333333333333,4.605543760874861,49.97442085508305,31.552245811583607,-4.358974358974366,42.42835133118595,40.49448918222211,1.93386214896384,2.28662379125684
2002-07-31,37.42,37.74,29.0,29.75,5525000,67a9260713de9e5d59bb4e8e,35.35,41.42166666666667,42.45083333333333,35.35,4.923667332385492,45.197334664770985,25.50266533522902,-20.24128686327077,40.47783574177273,39.6986010946501,0.7792346471226281,1.9851459624299979
2002-08-30,29.75,36.45,27.25,34.75,4444300,67a9260713de9e5d59bb4e8d,33.93333333333333,39.42166666666667,41.93,33.93333333333333,3.840681363161152,41.614696059655635,26.251970607011025,16.806722689075638,39.59663024303846,39.332038050601945,0.2645921924365169,1.6410352084313018
2002-09-30,34.5,36.84,32.21,34.5,3427100,67a9260713de9e5d59bb4e8c,33.0,36.88166666666667,41.80583333333333,33.0,2.817356917396177,38.63471383479235,27.365286165207646,-0.7194244604316502,38.812533282571,38.974109306112915,-0.1615760235419117,1.280512962036659
2002-10-31,34.5,39.14,31.54,38.6,3530400,67a9260713de9e5d59bb4e8b,35.949999999999996,35.65,41.48916666666667,35.949999999999996,2.298368986912244,40.546737973824484,31.353262026175507,11.884057971014506,38.77983585448315,38.94639750566011,-0.16656165117695565,0.9910980393939363
2002-11-29,38.5,43.14,37.0,42.16,2534300,67a9260713de9e5d59bb4e8a,38.419999999999995,36.17666666666666,41.502500000000005,38.419999999999995,3.8331710110559816,46.08634202211196,30.753657977888032,9.222797927461123,39.29986110763959,39.18444213487047,0.11541897276912039,0.8159622260689731
2002-12-31,42.4,43.35,35.75,36.6,3081700,67a9260713de9e5d59bb4e89,39.12,36.06,40.4275,39.12,2.8162386262530927,44.75247725250618,33.48752274749381,-13.187855787476266,38.884497860310425,38.99300197673192,-0.10850411642149282,0.6310689575708799
2003-01-31,36.74,40.34,33.45,34.81,3040700,67a9260713de9e5d59bb4e88,37.85666666666666,36.903333333333336,39.1625,37.85666666666666,3.8327579278286366,45.52218252232394,30.19115081100939,-4.890710382513664,38.25765203564728,38.68314997845548,-0.4254979428081995,0.419755577495064
2003-02-28,34.66,34.88,28.5,28.85,4228400,67a9260713de9e5d59bb4e87,33.419999999999995,35.92,37.670833333333334,33.419999999999995,4.057671746211127,41.53534349242225,25.30465650757774,-17.121516805515657,36.81032095324001,37.95476849856989,-1.1444475453298821,0.10691495293007475
2003-03-31,28.95,31.15,26.35,28.85,4290400,67a9260713de9e5d59bb4e86,30.83666666666667,34.97833333333333,35.93,30.83666666666667,3.4410076043701867,37.71868187540704,23.954651457926296,0.0,35.585656191203086,37.28034120237953,-1.6946850111764462,-0.2534050398912295
2003-04-30,29.0,32.0,28.33,30.59,3222400,67a9260713de9e5d59bb4e85,29.430000000000003,33.64333333333334,34.64666666666667,29.430000000000003,1.0045894683900227,31.43917893678005,27.420821063219957,6.031195840554582,34.81709370024876,36.78476037257364,-1.9676666723248815,-0.5962573663779599
2003-05-30,30.6,36.7,29.36,36.69,3930300,67a9260713de9e5d59bb4e84,32.04333333333333,32.73166666666667,34.454166666666666,32.04333333333333,4.117102541027293,40.277538415387916,23.809128251278743,19.941157240928398,35.10523313097973,36.777741085716336,-1.6725079547366093,-0.8115074840496899
2003-06-30,36.79,38.52,35.29,37.2,3997700,67a9260713de9e5d59bb4e83,34.826666666666675,32.83166666666667,34.44583333333333,34.826666666666675,3.677911545066483,42.18248975679964,27.47084357653371,1.390024529844669,35.427504956982844,36.80901952381142,-1.381514566828578,-0.9255089006054675
2003-07-31,37.17,40.52,36.2,39.9,2978000,67a9260713de9e5d59bb4e82,37.93,33.68,35.29166666666667,37.93,1.7250217389934264,41.38004347798685,34.47995652201315,7.258064516129026,36.11558111744702,37.03798104056613,-0.9223999231191087,-0.9248871051081958
2003-08-29,39.9,44.105,38.03,42.68,3060900,67a9260713de9e5d59bb4e81,39.92666666666667,35.985,35.95249999999999,39.92666666666667,2.7400973218725615,45.40686131041179,34.44647202292155,6.967418546365911,37.125491714762866,37.45590837089456,-0.33041665613169613,-0.8059930153128959
2003-09-30,42.55,47.05,42.27,43.55,3512600,67a9260713de9e5d59bb4e80,42.04333333333333,38.435,36.70666666666666,42.04333333333333,1.9064714352261165,45.85627620378556,38.2303904628811,2.038425492033724,38.11387760479935,37.90732256564311,0.2065550391562354,-0.6034834044190697
2003-10-31,43.7,49.8,43.4,49.42,3430100,67a9260713de9e5d59bb4e7f,45.21666666666667,41.57333333333333,37.608333333333334,45.21666666666667,3.6660923792688362,52.54885142520434,37.884481908129,13.478760045924233,39.85328105021484,38.76011348670659,1.0931675635082527,-0.2641532108336052
2003-11-28,49.43,51.89,48.37,50.14,1902300,67a9260713de9e5d59bb4e7e,47.70333333333334,43.815,38.27333333333333,47.70333333333334,3.6148628374162377,54.93305900816581,40.47360765850087,1.4569000404694332,41.435853196335636,39.60306804324684,1.8327851530887926,0.1552344619508744
2003-12-31,51.14,51.95,47.36,49.26,6524500,67a9260713de9e5d59bb4e7d,49.60666666666666,45.824999999999996,39.32833333333333,49.60666666666666,0.468757222166133,50.54418111099893,48.6691522223344,-1.7550857598723657,42.639568089207074,40.318396336339674,2.3211717528674,0.5884219201341796
2004-01-30,49.36,52.99,48.44,48.49,5074900,67a9260713de9e5d59bb4e7c,49.296666666666674,47.25666666666667,40.468333333333334,49.296666666666674,0.8256108849409147,50.9478884365485,47.645444896784845,-1.563134388956544,43.53963453702137,40.92370031142562,2.615934225595751,0.993924381226494
2004-02-27,48.4,52.22,48.15,48.55,4532900,67a9260713de9e5d59bb4e7b,48.76666666666667,48.23499999999999,42.11,48.76666666666667,0.4282911782105057,49.62324902308769,47.91008431024566,0.12373685295936632,44.31045999286424,41.48861139946816,2.8218485933960764,1.3595092236604105
2004-03-31,48.45,49.3,44.66,48.25,3428800,67a9260713de9e5d59bb4e7a,48.43000000000001,49.01833333333334,43.72666666666667,48.43000000000001,0.15874507866269763,48.7474901573254,48.11250984267461,-0.6179196704428347,44.916543070885126,41.98945499950756,2.927088071377568,1.6730249932038421
2004-04-30,48.1,50.26,47.1,48.55,2418900,67a9260713de9e5d59bb4e79,48.449999999999996,48.873333333333335,45.22333333333333,48.449999999999996,0.17320508075580532,48.79641016151161,48.10358983848838,0.6217616580310725,45.47553644459511,42.47542129584033,3.00011514875478,1.9384430243140298
2004-05-28,48.5,53.33,48.03,52.95,3551200,67a9260713de9e5d59bb4e78,49.916666666666664,49.34166666666667,46.57833333333334,49.916666666666664,2.631222782915372,55.17911223249741,44.65422110083592,9.062821833161694,46.6254539146574,43.25131601466697,3.37413789999043,2.22558199944931
2004-06-30,52.96,57.75,50.82,56.9,5096400,67a9260713de9e5d59bb4e77,52.800000000000004,50.615,48.22,52.800000000000004,4.177020469186078,61.15404093837216,44.445959061627846,7.459867799811137,48.206153312402414,44.26232964321016,3.9438236691922555,2.569230333397899
2004-07-30,56.9,56.9,53.23,56.0,3004200,67a9260713de9e5d59bb4e76,55.28333333333334,51.86666666666667,49.56166666666667,55.28333333333334,2.070225430558883,59.4237841944511,51.142882472215575,-1.5817223198594021,49.40520664895588,45.13178670667607,4.273419942279816,2.9100682551742825
2004-08-31,55.0,56.4,51.55,55.15,2452600,67a9260713de9e5d59bb4e75,56.01666666666667,52.96666666666666,50.600833333333334,56.01666666666667,0.8751190395213081,57.76690474570929,54.266428587624056,-1.5178571428571486,50.28902101065498,45.87387658025561,4.415144430399366,3.2110834902192993
2004-09-30,55.2,58.8,54.54,57.46,2211000,67a9260713de9e5d59bb4e74,56.20333333333334,54.501666666666665,51.76,56.20333333333334,1.1683464098171792,58.5400261529677,53.86664051369898,4.1885766092475185,51.392248547477294,46.732107944681125,4.660140602796169,3.5008949127346733
2004-10-29,57.58,63.1,57.58,61.66,5111200,67a9260713de9e5d59bb4e73,58.089999999999996,56.68666666666667,52.78,58.089999999999996,3.3004090655552494,64.69081813111049,51.489181868889496,7.309432648799152,52.97190261709617,47.8378777265566,5.134024890539571,3.8275209082956527
2004-11-30,61.66,63.68,59.87,61.55,3795500,67a9260713de9e5d59bb4e72,60.223333333333336,58.12,53.73083333333333,60.223333333333336,2.393748803306756,65.01083093994684,55.43583572671982,-0.17839766461238415,54.29160990677368,48.8535904875524,5.438019419221277,4.149620610480778
2004-12-31,61.56,63.3,59.49,60.77,9507500,67a9260713de9e5d59bb4e71,61.32666666666666,58.76499999999999,54.69,61.32666666666666,0.48521472909681396,62.29709612486029,60.35623720847303,-1.2672623883021816,55.28828530573158,49.73628748847445,5.551997817257124,4.430096051836047
2005-01-31,60.62,60.82,56.55,58.06,6032900,67a9260713de9e5d59bb4e70,60.126666666666665,59.10833333333333,55.487500000000004,60.126666666666665,1.8317841939848032,63.79023505463627,56.46309827869706,-4.459437222313644,55.714702951003645,50.3528587856245,5.361844165379146,4.616445674544668
2005-02-28,58.0,64.97,56.75,64.6,8716700,67a9260713de9e5d59bb4e6f,61.14333333333334,60.68333333333334,56.824999999999996,61.14333333333334,3.285944815929274,67.71522296519188,54.57144370147479,11.264209438511873,57.08167172777232,51.40820257928194,5.673469148490376,4.8278503693338095
2005-03-31,64.73,68.09,64.5,65.5,5176600,67a9260713de9e5d59bb4e6e,62.72,62.02333333333333,58.26250000000001,62.72,4.060689596607829,70.84137919321566,54.59862080678434,1.3931888544891802,58.37679915426888,52.45203942526106,5.9247597290078176,5.0472322412686115
2005-04-29,66.1,67.95,61.66,67.67,6332200,67a9260713de9e5d59bb4e6d,65.92333333333333,63.025,59.85583333333333,65.92333333333333,1.5781740503924886,69.07968143411831,62.76698523254836,3.312977099236636,59.80652236130444,53.57929576413061,6.227226597173825,5.283231112449655
2005-05-31,67.17,72.3,67.15,69.9,5682000,67a9260713de9e5d59bb4e6c,67.69,64.41666666666667,61.268333333333324,67.69,2.2000681807614133,72.09013636152282,63.28986363847717,3.295404167282401,61.359365074949906,54.788236818639454,6.571128256310452,5.5408105412218145
2005-06-30,70.0,72.77,68.88,71.37,3430500,67a9260713de9e5d59bb4e6b,69.64666666666666,66.18333333333334,62.47416666666666,69.64666666666666,1.8629635888369045,73.37259384434047,65.92073948899285,2.1030042918454894,62.899462755726844,56.01651557281431,6.882947182912531,5.809237869559958
2005-07-29,71.62,79.25,70.07,76.75,5205100,67a9260713de9e5d59bb4e6a,72.67333333333333,69.29833333333333,64.20333333333333,72.67333333333333,3.6061937459504123,79.88572082523416,65.4609458414325,7.5381813086730975,65.03031463946118,57.552329234087324,7.4779854053738575,6.142987376722738
2005-08-31,76.75,77.11,36.53,38.52,4968950,67a9260713de9e5d59bb4e69,62.21333333333334,64.95166666666667,62.817499999999995,62.21333333333334,20.69460396657381,103.60254126648096,20.82412540018572,-49.81107491856677,60.95180469492869,56.14252706859937,4.809277626329319,5.876245426644054
2005-09-30,38.5,40.44,38.18,39.29,7291800,67a9260713de9e5d59bb4e68,51.52,60.583333333333336,61.303333333333335,51.52,21.85321257847458,95.22642515694916,7.813574843050844,1.9989615784008263,57.61921935724735,54.89419173018461,2.725027627062744,5.246001866727792
2005-10-31,39.68,40.1,34.3,37.7,9895400,67a9260713de9e5d59bb4e67,38.50333333333334,55.58833333333334,59.306666666666665,38.50333333333334,0.7951310164580462,40.09359536624943,36.91307130041724,-4.046831254772199,54.554724071516986,53.62054789831908,0.9341761731979048,4.383636728021815
2005-11-30,37.72,41.04,36.98,39.4,7191800,67a9260713de9e5d59bb4e66,38.796666666666674,50.505,57.46083333333334,38.796666666666674,0.9513323989718792,40.69933146461043,36.89400186872292,4.509283819628629,52.22322806051437,52.56717397992507,-0.3439459194107002,3.4381201985353127
2005-12-30,39.48,41.1,38.72,39.51,5138900,67a9260713de9e5d59bb4e65,38.87,45.195,55.68916666666667,38.87,1.0147413463539616,40.89948269270792,36.840517307292075,0.27918781725888575,50.267346820435236,51.599975907338035,-1.3326290869027986,2.4839703414476904
2006-01-31,39.95,41.79,38.33,40.35,6854500,67a9260713de9e5d59bb4e64,39.75333333333333,39.12833333333334,54.21333333333333,39.75333333333333,0.5196473162959095,40.79262796592515,38.71403870074151,2.1260440394836877,48.74160115575289,50.766644358646325,-2.0250432028934355,1.5821676325794654
2006-02-28,40.35,46.4,38.32,45.07,8789900,67a9260713de9e5d59bb4e63,41.64333333333333,40.22,52.58583333333333,41.64333333333333,2.9971542057981324,47.637641744929596,35.649024921737066,11.697645600991313,48.176739439483214,50.3446707024503,-2.1679312629670875,0.8321478534701547
2006-03-31,44.5,48.68,44.26,48.63,18862200,67a9260713de9e5d59bb4e62,44.68333333333334,41.776666666666664,51.18,44.68333333333334,4.153520595029387,52.99037452339211,36.37629214327456,7.898824051475484,48.246471833408876,50.21765805782435,-1.9711862244154759,0.2714810378930287
2006-04-28,49.62,50.72,46.04,47.46,11779400,67a9260713de9e5d59bb4e61,47.05333333333334,43.40333333333333,49.49583333333334,47.05333333333334,1.8145063607860847,50.68234605490551,43.424320611761175,-2.4059222702035865,48.125476166730586,50.01338709057811,-1.887910923847521,-0.16039735445508127
2006-05-31,47.71,51.27,44.73,46.84,12843700,67a9260713de9e5d59bb4e60,47.64333333333334,44.64333333333334,47.57416666666668,47.64333333333334,0.9089737803331474,49.461280893999636,45.82538577266704,-1.3063632532659075,47.927710602618184,49.77832138016491,-1.850610777546727,-0.4984400390734105
2006-06-30,46.6,47.68,42.15,46.75,11832300,67a9260713de9e5d59bb4e5f,47.01666666666667,45.85,45.5225,47.01666666666667,0.3865660788703073,47.789798824407285,46.24353450892606,-0.19214346712213004,47.74652435606154,49.554001277930475,-1.8074769218689326,-0.760247415632515
2006-07-31,46.76,47.7,41.23,45.2,8072600,67a9260713de9e5d59bb4e5e,46.26333333333334,46.65833333333333,42.89333333333334,46.26333333333334,0.9219725230901453,48.10727837951363,44.419388287153055,-3.3155080213903676,47.354751378205926,49.23148266475044,-1.876731286544512,-0.9835441898149144
2006-08-31,45.21,47.37,44.6,46.38,5714000,67a9260713de9e5d59bb4e5d,46.11000000000001,46.876666666666665,43.54833333333334,46.11000000000001,0.8095060222134755,47.72901204442696,44.490987955573054,2.6106194690265427,47.20478962771271,49.020261726620774,-1.8154720989080673,-1.149929771633545
2006-09-29,46.37,46.45,42.06,44.74,8425700,67a9260713de9e5d59bb4e5c,45.44,46.22833333333333,44.002500000000005,45.44,0.8459314393022268,47.13186287860445,43.748137121395544,-3.5360068995256566,46.82559122344921,48.70320530242664,-1.8776140789774303,-1.2954666331023221
2006-10-31,44.74,50.85,43.49,47.85,9497500,67a9260713de9e5d59bb4e5b,46.32333333333333,46.29333333333333,44.84833333333333,46.32333333333333,1.5557741909844136,49.434881715302154,43.21178495136451,6.951274027715693,46.98319257368779,48.640004909654294,-1.6568123359665066,-1.367735773675159
2006-11-30,48.15,51.75,45.74,51.31,10091400,67a9260713de9e5d59bb4e5a,47.96666666666667,47.038333333333334,45.840833333333336,47.96666666666667,3.2865534125179066,54.53977349170248,41.393559841630854,7.230929989550683,47.6488552546589,48.83778232375398,-1.1889270690950795,-1.3319740327591432
2006-12-29,51.0,51.56,49.67,50.24,7703400,67a9260713de9e5d59bb4e59,49.800000000000004,47.620000000000005,46.73500000000001,49.800000000000004,1.7714683175263526,53.34293663505271,46.2570633649473,-2.085363476905089,48.047492907788296,48.941650299772206,-0.8941573919839101,-1.2444107046040966
2007-01-31,50.81,53.58,48.4,51.92,7663600,67a9260713de9e5d59bb4e58,51.15666666666667,48.74000000000001,47.69916666666666,51.15666666666667,0.8504312631441117,52.8575291929549,49.45580414037845,3.343949044585992,48.64326322966702,49.16226879608538,-0.5190055664183575,-1.099329676966949
2007-02-28,52.1,56.83,50.84,53.12,9579800,67a9260713de9e5d59bb4e57,51.76,49.86333333333334,48.37,51.76,1.4466513056018433,54.653302611203685,48.86669738879631,2.311248073959926,49.3319919635644,49.45543407044942,-0.12344210688502244,-0.9041521629505637
2007-03-30,52.7,55.25,51.23,54.88,10572600,67a9260713de9e5d59bb4e56,53.30666666666667,51.553333333333335,48.890833333333326,53.30666666666667,1.4888026509019847,56.28427196847064,50.3290613648627,3.3132530120482118,50.18553166147757,49.85725376893465,0.3282778925429213,-0.6576661518518667
2007-04-30,54.9,58.1,53.5,56.06,8904000,67a9260713de9e5d59bb4e55,54.68666666666667,52.921666666666674,49.60750000000001,54.68666666666667,1.4795044215319877,57.645675509730644,51.72765782360269,2.150145772594758,51.08929602125025,50.316716452717266,0.7725795685329828,-0.3716170077748968
2007-05-31,56.33,58.51,54.87,58.36,9766900,67a9260713de9e5d59bb4e54,56.43333333333334,54.09666666666667,50.5675,56.43333333333334,1.769783414243837,59.97290016182101,52.893766504845665,4.102747056724931,52.207865864134824,50.91251523399747,1.2953506301373565,-0.038223480192446146
2007-06-29,58.66,58.79,54.55,57.1,9433300,67a9260713de9e5d59bb4e53,57.17333333333334,55.24,51.43,57.17333333333334,1.1517522881820217,59.47683790969738,54.8698287569693,-2.159013022618228,52.96050188503716,51.37084743888654,1.5896544461506181,0.2873521050761667
2007-07-31,59.0,62.74,57.4,59.98,9605300,67a9260713de9e5d59bb4e52,58.48,56.583333333333336,52.66166666666666,58.48,1.4437451298615984,61.36749025972319,55.5925097402768,5.04378283712783,54.04042467195452,52.00856244341347,2.0318622285410513,0.6362541297691436
2007-08-31,59.91,65.36,59.38,63.29,19330800,67a9260713de9e5d59bb4e51,60.123333333333335,58.278333333333336,54.07083333333333,60.123333333333335,3.097488229732649,66.31830979279863,53.92835687386804,5.518506168722914,55.46343626088459,52.8442244846421,2.6192117762424942,1.0328456590638138
2007-09-28,63.35,66.08,61.34,65.5,10562800,67a9260713de9e5d59bb4e50,62.92333333333334,60.048333333333325,55.80083333333332,62.92333333333334,2.778206855749248,68.47974704483184,57.366919621834846,3.491862853531358,57.007522989979265,53.781689337631576,3.2258336523476885,1.4714432577205887
2007-10-31,65.69,71.01,64.64,70.81,12698500,67a9260713de9e5d59bb4e4f,66.53333333333335,62.50666666666666,57.71416666666667,66.53333333333335,3.865026951177941,74.26338723568922,58.80327943097746,8.106870229007646,59.130980991520914,55.0430456829922,4.087935308528714,1.9947416678822139
2007-11-30,70.06,70.58,60.1,63.45,12818200,67a9260713de9e5d59bb4e4e,66.58666666666666,63.355,58.725833333333334,66.58666666666666,3.7984251122447907,74.18351689115624,58.98981644217708,-10.394012145177234,59.79544545436385,55.66578303980759,4.1296624145562575,2.4217258172170224
2007-12-31,63.3,66.76,60.19,62.54,9125100,67a9260713de9e5d59bb4e4d,65.60000000000001,64.26166666666667,59.75083333333333,65.60000000000001,4.534875963022432,74.66975192604487,56.53024807395514,-1.434200157604415,60.21768461523095,56.17498429611815,4.042700319112804,2.745920717596179
2008-01-31,62.28,62.7,48.45,55.92,21972600,67a9260713de9e5d59bb4e4c,60.63666666666666,63.585,60.08416666666667,60.63666666666666,4.110016220568052,68.85669910780277,52.41663422553056,-10.585225455708347,59.55650236673388,56.15609657047977,3.4004057962541125,2.876817733327766
2008-02-29,55.85,60.93,53.61,56.4,15232600,67a9260713de9e5d59bb4e4b,58.28666666666667,62.43666666666667,60.357499999999995,58.28666666666667,3.6913050989227054,65.66927686451209,50.90405646882126,0.8583690987124415,59.07088661800559,56.17416349118497,2.8967231268206177,2.8807988120263364
2008-03-31,56.41,59.9,53.01,59.44,14930800,67a9260713de9e5d59bb4e4a,57.25333333333333,61.426666666666655,60.737500000000004,57.25333333333333,1.9088565512716993,61.07104643587673,53.43562023078993,5.390070921985823,59.127673292158576,56.416077306652745,2.7115959855058307,2.8469582467222354
2008-04-30,59.6,63.6,58.89,62.12,13043500,67a9260713de9e5d59bb4e49,59.31999999999999,59.97833333333333,61.2425,59.31999999999999,2.8618874890532227,65.04377497810644,53.596225021893545,4.508748317631217,59.588031247211106,56.83859009875254,2.7494411484585655,2.8274548270695012
2008-05-30,62.14,65.06,60.04,65.04,8819200,67a9260713de9e5d59bb4e48,62.20000000000001,60.24333333333333,61.79916666666666,62.20000000000001,2.8008570117017975,67.8017140234036,56.598285976596415,4.700579523502912,60.426795670717084,57.44610194328939,2.980693727427692,2.8581026071411397
2008-06-30,64.8,68.09,63.21,65.88,13813100,67a9260713de9e5d59bb4e47,64.34666666666668,60.800000000000004,62.530833333333334,64.34666666666668,1.973558545706775,68.29378375808022,60.399549575253126,1.291512915129145,61.26575018291446,58.070835132675356,3.1949150502391035,2.9254650957607327
2008-07-31,65.43,65.64,56.29,61.18,15534000,67a9260713de9e5d59bb4e46,64.03333333333333,61.67666666666667,62.630833333333335,64.03333333333333,2.5064982212904643,69.04632977591426,59.020336890752404,-7.13418336369156,61.25255784708146,58.301143641366075,2.9514142057153876,2.9306549177516636
2008-08-29,62.13,63.21,58.66,59.08,13116600,67a9260713de9e5d59bb4e45,62.046666666666674,62.12333333333333,62.279999999999994,62.046666666666674,3.481857741685091,69.01038215003686,55.082951183296494,-3.4324942791762014,60.9183181782997,58.35883670496859,2.559481473331111,2.8564202288675533
2008-09-30,60.18,64.0,53.4,56.96,14811100,67a9260713de9e5d59bb4e44,59.073333333333345,61.71,61.56833333333333,59.073333333333345,2.1100078988792044,63.29334913109175,54.85331753557494,-3.5883547731888954,60.309346150868976,58.255219171267214,2.0541269796017616,2.695961579014395
2008-10-31,56.9,57.06,35.22,45.35,29610000,67a9260713de9e5d59bb4e43,53.796666666666674,58.915,59.446666666666665,53.796666666666674,7.3914297218693115,68.5795261104053,39.01380722292805,-20.38272471910112,58.00790828150452,57.299277010432604,0.7086312710719156,2.2984955174258994
2008-11-28,45.2,47.65,34.85,45.77,19426600,67a9260713de9e5d59bb4e42,49.360000000000014,55.70333333333334,57.97333333333333,49.360000000000014,6.585142367481518,62.53028473496305,36.18971526503698,0.9261300992282395,56.12515316127306,56.4452564911413,-0.320103329868239,1.7747757479670718
2008-12-31,45.5,47.41,37.53,43.41,20798500,67a9260713de9e5d59bb4e41,44.84333333333334,51.958333333333336,56.37916666666666,44.84333333333334,1.2589413542075003,47.36121604174834,42.32545062491834,-5.156215861918301,54.16897575184644,55.479681936241946,-1.3107061843955066,1.1576793614945562
2009-01-30,43.59,46.48,39.64,41.14,14001000,67a9260713de9e5d59bb4e40,43.440000000000005,48.61833333333333,55.1475,43.440000000000005,2.315145783746806,48.07029156749362,38.80970843250639,-5.229209859479377,52.16451794387006,54.41748327429809,-2.252965330428033,0.4755504231100384
2009-02-27,40.56,45.45,39.02,41.35,25315200,67a9260713de9e5d59bb4e3f,41.96666666666667,45.663333333333334,53.893333333333324,41.96666666666667,1.2543657095656264,44.47539808579792,39.45793524753542,0.5104521147301977,50.50074595250544,53.44952155027601,-2.9487755977705703,-0.2093147810660833
2009-03-31,40.33,44.79,36.82,42.45,17598000,67a9260713de9e5d59bb4e3e,41.646666666666675,43.245000000000005,52.4775,41.646666666666675,0.7035860525437642,43.0538387717542,40.23949456157915,2.6602176541717037,49.26216965211999,52.63474217618149,-3.3725725240615034,-0.8419663296651674
2009-04-30,41.49,48.09,40.37,45.59,19577800,67a9260713de9e5d59bb4e3d,43.13,43.285000000000004,51.1,43.13,2.200272710370388,47.53054542074078,38.729454579259226,7.396937573616014,48.697220474870754,52.11290942239027,-3.415688947519513,-1.3567108532360366
2009-05-29,45.25,47.6,41.72,42.98,13147700,67a9260713de9e5d59bb4e3c,43.673333333333346,42.82,49.26166666666666,43.673333333333346,1.6809025353463956,47.035138404026135,40.31152826264056,-5.724939679754348,47.81764809412141,51.436397613324324,-3.6187495192029147,-1.8091185864294124
2009-06-30,43.71,48.47,42.85,45.31,15137500,67a9260713de9e5d59bb4e3b,44.626666666666665,43.13666666666666,47.54750000000001,44.626666666666665,1.4329107904310967,47.49248824752886,41.76084508580447,5.421126105165208,47.43185607964119,50.98259038270771,-3.5507343030665197,-2.157441729756834
2009-07-31,45.82,48.43,41.54,47.82,13873000,67a9260713de9e5d59bb4e3a,45.370000000000005,44.25,46.43416666666667,45.370000000000005,2.4205577869574766,50.21111557391496,40.52888442608505,5.539615978812629,47.49157052892717,50.748324428433065,-3.2567538995058953,-2.377304163706646
2009-08-31,48.2,49.12,44.36,47.38,8758800,67a9260713de9e5d59bb4e39,46.83666666666667,45.254999999999995,45.45916666666667,46.83666666666667,1.3403109092049075,49.51728848507649,44.156044848256855,-0.9201171058134672,47.47440583216915,50.4988189152158,-3.024413083046653,-2.5067259475746475
2009-09-30,47.23,53.33,46.2,50.98,10750400,67a9260713de9e5d59bb4e38,48.72666666666667,46.67666666666667,44.96083333333333,48.72666666666667,1.9638058288266544,52.654278324319975,44.79905500901336,7.598142676234687,48.01372801183543,50.53446195853315,-2.5207339466977174,-2.5095275473992618
2009-10-30,50.66,52.78,47.31,50.55,17958800,67a9260713de9e5d59bb4e37,49.63666666666668,47.50333333333333,45.39416666666667,49.63666666666668,1.9661213933359958,53.56890945333867,45.704423879994685,-0.84346802667713,48.40392370232229,50.53561292456774,-2.1316892222454484,-2.433959882368499
2009-11-30,50.68,54.32,49.53,52.04,12120900,67a9260713de9e5d59bb4e36,51.19,49.01333333333333,45.916666666666664,51.19,0.7668767828015367,52.72375356560307,49.65624643439693,2.9475766567754746,48.96332005581117,50.64704900422939,-1.6837289484182207,-2.2839136955784434
2009-12-31,52.52,55.5,51.89,52.37,30395500,67a9260713de9e5d59bb4e35,51.653333333333336,50.19,46.663333333333334,51.653333333333336,0.9696562964954769,53.59264592632429,49.714020740342384,0.6341275941583291,49.48742466260945,50.774675003916094,-1.2872503413066454,-2.0845810247240837
2010-01-29,53.02,54.18,49.84,50.08,13740000,67a9260713de9e5d59bb4e34,51.49666666666667,50.56666666666666,47.40833333333334,51.49666666666667,1.2379149136080954,53.97249649388286,49.02083683945048,-4.372732480427722,49.57859009913108,50.72321759621861,-1.1446274970875336,-1.8965903191967737
2010-02-26,50.31,56.11,50.23,55.44,14164200,67a9260713de9e5d59bb4e33,52.63,51.91,48.5825,52.63,2.6894423213744307,58.00888464274887,47.25111535725114,10.702875399361012,50.48034546849553,51.0726088853876,-0.5922634168920737,-1.6357249387358337
2010-03-31,55.59,58.46,55.41,57.84,12541600,67a9260713de9e5d59bb4e32,54.45333333333334,53.053333333333335,49.865,54.45333333333334,3.9729753753746135,62.399284084082566,46.507382582584114,4.329004329004338,51.612600011803906,51.57389711609964,0.03870289570426877,-1.3008393718478133
2010-04-30,58.04,63.95,58.04,61.02,12260800,67a9260713de9e5d59bb4e31,58.1,54.79833333333334,51.15083333333333,58.1,2.7990712745479187,63.69814254909584,52.50185745090416,5.497925311203322,53.05989231768022,52.273608440833,0.7862838768472216,-0.8834147221088064
2010-05-28,61.15,62.38,54.91,58.02,14163700,67a9260713de9e5d59bb4e30,58.96000000000001,55.794999999999995,52.40416666666667,58.96000000000001,1.7862810529139033,62.532562105827814,55.3874378941722,-4.916420845624381,53.82298580726788,52.699267074845366,1.1237187324225104,-0.4819880312025431
2010-06-30,57.38,61.47,54.88,55.96,12413500,67a9260713de9e5d59bb4e2f,58.33333333333334,56.39333333333334,53.291666666666664,58.33333333333334,2.5445104309734337,63.42235419528021,53.24431247138648,-3.550499827645648,54.15175722153436,52.94080284707904,1.2109543744553193,-0.14339955007097063
2010-07-30,55.9,65.765,54.2101,62.5,13326700,67a9260713de9e5d59bb4e2e,58.826666666666675,58.46333333333334,54.51500000000001,58.826666666666675,3.3437902645549626,65.5142471957766,52.13908613755675,11.68691922802001,55.43610226437522,53.64889152507318,1.78721073930204,0.2427225078036315
2010-08-31,63.29,64.0,56.96,58.08,10970200,67a9260713de9e5d59bb4e2d,58.84666666666667,58.903333333333336,55.40666666666666,58.84666666666667,3.336724941215944,65.52011654909856,52.17321678423478,-7.072000000000001,55.842855762163644,53.977121782475166,1.8657339796884784,0.567324802180601
2010-09-30,58.9,66.37,58.85,65.18,11263100,67a9260713de9e5d59bb4e2c,61.92000000000001,60.126666666666665,56.59,61.92000000000001,3.5853591172989816,69.09071823459797,54.749281765402046,12.224517906336096,57.27933949106155,54.806964613402926,2.4723748776586234,0.9483348172762055
2010-10-29,65.74,72.91,64.67,69.43,11370900,67a9260713de9e5d59bb4e2b,64.23,61.528333333333336,58.163333333333334,64.23,5.7343264643721445,75.6986529287443,52.76134707125571,6.520405032218468,59.14867187705208,55.890152419817525,3.2585194572345557,1.4103717452678757
2010-11-30,69.9,73.49,69.18,72.41,9903400,67a9260713de9e5d59bb4e2a,69.00666666666667,63.92666666666668,59.86083333333334,69.00666666666667,3.6335428074169664,76.2737522815006,61.739581051832744,4.292092755293075,61.188876203659454,57.11384483316438,4.075031370495076,1.9433036703133157
2010-12-31,73.73,78.62,73.3008,76.43,12884400,67a9260713de9e5d59bb4e29,72.75666666666667,67.33833333333332,61.865833333333335,72.75666666666667,3.512852592029911,79.78237185072649,65.73096148260686,5.551719375776831,63.53366448001954,58.54467114181887,4.988993338200672,2.552441603890787
2011-01-31,77.12,79.9,72.37,77.69,12899900,67a9260713de9e5d59bb4e28,75.51,69.87,64.16666666666667,75.51,2.757607658822713,81.02521531764543,69.99478468235458,1.648567316498739,65.71156225232423,59.96284364983229,5.748718602491941,3.1916970036110177
2011-02-28,78.34,85.36,77.42,84.13,11595300,67a9260713de9e5d59bb4e27,79.41666666666667,74.21166666666666,66.5575,79.41666666666667,4.130197735379088,87.67706213742485,71.15627119590849,8.289355129360265,68.54516805965896,61.753003379474336,6.7921646801846265,3.91179053892574
2011-03-31,84.73,87.68,80.47,86.46,13812500,67a9260713de9e5d59bb4e26,82.75999999999999,77.75833333333334,68.9425,82.75999999999999,4.542675423139636,91.84535084627926,73.67464915372072,2.7695233567098576,71.30129605048066,63.58315127729105,7.718144773189607,4.673061385778514
2011-04-29,86.69,88.76,82.45,86.49,11548500,67a9260713de9e5d59bb4e25,85.69333333333333,80.60166666666667,71.065,85.69333333333333,1.3539694728205325,88.40127227897439,82.98539438769227,0.0346981263011914,73.6380197350221,65.27995488638061,8.35806484864149,5.4100620783511095
2011-05-31,86.92,87.2785,79.79,83.47,10383400,67a9260713de9e5d59bb4e24,85.47333333333331,82.44500000000001,73.18583333333333,85.47333333333331,1.7350024015343386,88.94333813640199,82.00332853026464,-3.4917331483408476,75.15063208348025,66.6273656355376,8.523266447942646,6.0327029522694176
2011-06-30,83.1,83.8,77.845,83.3,12065300,67a9260713de9e5d59bb4e23,84.42,83.59,75.46416666666666,84.42,1.7946866021667105,88.00937320433343,80.83062679566657,-0.20366598778004397,76.40438099371406,67.86237558846074,8.54200540525332,6.534563442866198
2011-07-29,83.47,87.96,80.46,81.63,11600800,67a9260713de9e5d59bb4e22,82.8,84.24666666666667,77.05833333333332,82.8,1.016808733241832,84.83361746648366,80.76638253351634,-2.0048019207683065,77.20832237929652,68.88219961894512,8.326122760351396,6.892875306363239
2011-08-31,82.43,82.65,65.63,76.95,18792500,67a9260713de9e5d59bb4e21,80.62666666666668,83.05,78.63083333333333,80.62666666666668,3.2917523195602576,87.2101713057872,74.04316202754616,-5.733186328555673,77.16858047478937,69.47981446198622,7.688766012803143,7.05205344765122
2011-09-30,76.95,77.85,66.76,68.91,15698700,67a9260713de9e5d59bb4e20,75.83,80.125,78.94166666666666,75.83,6.433537129759761,88.69707425951952,62.96292574048047,-10.44834307992204,75.89802963251408,69.43760598332057,6.460423649193515,6.93372748795968
2011-10-31,68.5,83.33,64.9,81.1,14953100,67a9260713de9e5d59bb4e1f,75.65333333333334,79.22666666666666,79.91416666666666,75.65333333333334,6.197582862159315,88.04849905765197,63.258167609014706,17.689740240893915,76.69833276597345,70.30148702159312,6.396845744380329,6.82635113924381
2011-11-30,78.65,87.08,77.982,85.19,10595700,67a9260713de9e5d59bb4e1e,78.39999999999999,79.51333333333334,80.97916666666667,78.39999999999999,8.469185320914718,95.33837064182943,61.461629358170555,5.043156596794085,78.00474310966983,71.40433983480844,6.600403274861392,6.781161566367327
2011-12-30,84.86,88.92,81.16,86.87,10084800,67a9260713de9e5d59bb4e1d,84.38666666666667,80.10833333333333,81.84916666666668,84.38666666666667,2.9676983224934115,90.3220633116535,78.45127002167985,1.9720624486442073,79.36862878510524,72.5499442914893,6.818684493615947,6.7886661518170515
2012-01-31,88.69,96.0,86.68,93.39,9017500,67a9260713de9e5d59bb4e1c,88.48333333333333,82.06833333333333,83.1575,88.48333333333333,4.331527828991719,97.14638899131677,79.8202776753499,7.505467940600896,81.52576281816597,74.09365212174934,7.432110696416629,6.917355060736968
2012-02-29,93.63,96.91,90.98,91.52,12203600,67a9260713de9e5d59bb4e1b,90.59333333333332,84.49666666666667,83.77333333333333,90.59333333333332,3.357325324321345,97.30798398197601,83.87868268469063,-2.0023557126030656,83.06333776921736,75.38449270532347,7.678845063893888,7.069653061368353
2012-03-30,91.69,101.06,91.31,99.16,13331200,67a9260713de9e5d59bb4e1a,94.69,89.53833333333334,84.83166666666666,94.69,3.982448995278603,102.6548979905572,86.7251020094428,8.347902097902104,85.53974734318392,77.14564139381802,8.394105949365894,7.334543638967861
2012-04-30,99.18,102.97,95.05,101.9,11359200,67a9260713de9e5d59bb4e19,97.52666666666669,93.005,86.11583333333334,97.52666666666669,5.379306027112471,108.28527872089163,86.76805461244174,2.763210972166208,88.0567092903864,78.97929758686854,9.077411703517853,7.683117251877859
2012-05-31,102.0,103.5,95.31,101.22,10728500,67a9260713de9e5d59bb4e18,100.76,95.67666666666666,87.59499999999998,100.76,1.4267445461590973,103.6134890923182,97.9065109076818,-0.6673209028459359,90.08183093801925,80.62675702487829,9.455073913140964,8.037508584130482
2012-06-29,100.13,103.47,94.34,98.58,9827900,67a9260713de9e5d59bb4e17,100.56666666666666,97.62833333333333,88.86833333333334,100.56666666666666,1.7537768767229471,104.07422042011255,97.05911291322077,-2.6081802015411992,91.38924156293936,81.9566268748873,9.432614688052055,8.316529804914797
2012-07-31,97.2,108.888,92.53,99.45,12095300,67a9260713de9e5d59bb4e16,99.75,98.63833333333334,90.35333333333334,99.75,1.345325239484817,102.44065047896963,97.05934952103037,0.8825319537431486,92.62935824556408,83.25243229156231,9.376925954001763,8.52860903473219
2012-08-31,99.7,106.75,99.47,102.79,9651300,67a9260713de9e5d59bb4e15,100.27333333333333,100.51666666666667,92.50666666666666,100.27333333333333,2.222483595738815,104.71830052481096,95.8283661418557,3.3584715937657217,94.19253390009268,84.69965952922436,9.492874370868321,8.721462101959418
2012-09-28,102.71,111.4,101.21,109.89,8446500,67a9260713de9e5d59bb4e14,104.04333333333334,102.305,95.92166666666667,104.04333333333334,5.331653902245292,114.70664113782392,93.38002552884275,6.907286701040949,96.6075286846938,86.56561067520775,10.041918009486054,8.985553283464746
2012-10-31,110.19,111.66,105.46,109.17,9001600,67a9260713de9e5d59bb4e13,107.28333333333335,103.51666666666667,98.26083333333334,107.28333333333335,3.9079576933901032,115.09924872011355,99.46741794655314,-0.6552006552006495,98.5402165793563,88.24000988445161,10.300206694904688,9.248483965752735
2012-11-30,109.16,113.2499,102.85,111.53,9489700,67a9260713de9e5d59bb4e12,110.19666666666667,105.235,100.45583333333333,110.19666666666667,1.2095178102559856,112.61570228717865,107.7776310461547,2.161766052944958,100.53864479791686,89.9651943374552,10.573450460461657,9.513477264694519
2012-12-31,110.98,113.42,108.03,111.48,9414800,67a9260713de9e5d59bb4e11,110.72666666666669,107.38499999999999,102.50666666666667,110.72666666666669,1.3483446641442751,113.42335599495524,108.02997733837813,-0.04483098717833478,102.22193021362196,91.55888364579185,10.663046567830108,9.743391125321637
2013-01-31,113.36,120.67,113.19,117.45,9615100,67a9260713de9e5d59bb4e10,113.48666666666668,110.385,104.51166666666666,113.48666666666668,3.4324383946876327,120.35154345604194,106.62178987729142,5.355220667384275,104.56471018075705,93.47674411647394,11.087966064283108,10.012306113113931
2013-02-28,118.58,125.355,117.28,124.61,7591400,67a9260713de9e5d59bb4e0f,117.84666666666668,114.02166666666666,107.26916666666666,117.84666666666668,6.573981543427462,130.9946297535216,104.69870357981175,6.096211153682418,107.64860092217904,95.78291121895735,11.86568970322169,10.382982831135482
2013-03-28,124.21,127.42,122.62,127.31,8016400,67a9260713de9e5d59bb4e0e,123.12333333333333,116.925,109.61500000000001,123.12333333333333,5.09534428015653,133.31402189364638,112.93264477302027,2.1667602921113804,110.67343154953612,98.11825112866421,12.555180420871906,10.817422349082769
2013-04-30,127.27,127.31,118.39,119.65,11090900,67a9260713de9e5d59bb4e0d,123.85666666666668,118.67166666666667,111.09416666666668,123.85666666666668,3.8851683790183023,131.62700342470328,116.08632990863008,-6.016809362972264,112.0544420803767,99.7131954895039,12.3412465908728,11.122187197440775
2013-05-31,118.97,126.58,118.01,124.22,11898300,67a9260713de9e5d59bb4e0c,123.72666666666667,120.78666666666668,113.01083333333334,123.72666666666667,3.8537557438586756,131.43417815438403,116.01915517894932,3.819473464270784,113.92606637570337,101.52851434213325,12.397552033570122,11.377260164666644
2013-06-28,124.38,126.195,119.1,124.22,10665500,67a9260713de9e5d59bb4e0b,122.69666666666667,122.91000000000001,115.1475,122.69666666666667,2.6384907301948037,127.97364812705628,117.41968520627707,0.0,115.509748471749,103.20936513160486,12.300383340144151,11.561884799762147
2013-07-31,124.36,132.718,123.89,125.96,8104500,67a9260713de9e5d59bb4e0a,124.80000000000001,124.32833333333333,117.35666666666667,124.80000000000001,1.0045894683850822,126.80917893677018,122.79082106322984,1.4007406214780138,117.11747947609531,104.89459734407858,12.222882132016736,11.694084266213066
2013-08-30,126.75,128.381,122.97,123.7,8738500,67a9260713de9e5d59bb4e09,124.62666666666667,124.17666666666666,119.09916666666668,124.62666666666667,1.1836102962223594,126.99388725911139,122.25944607422194,-1.7942203874245721,118.13017494131142,106.2875901334061,11.842584807905325,11.723784374551519
2013-09-30,125.13,135.69,123.91,132.87,6704700,67a9260713de9e5d59bb4e08,127.51,125.10333333333334,121.01416666666667,127.51,4.777457482802936,137.06491496560588,117.95508503439413,7.413096200485048,120.39784033495582,108.25665753093158,12.14118280402424,11.807264060446064
2013-10-31,133.21,134.18,123.18,126.81,9750900,67a9260713de9e5d59bb4e07,127.79333333333335,126.29666666666668,122.48416666666667,127.79333333333335,4.6634143428740105,137.12016201908136,118.46650464758532,-4.560848950101604,121.3843264372703,109.63097919530702,11.753347241963283,11.796480696749509
2013-11-29,127.09,130.31,123.46,129.7,9414400,67a9260713de9e5d59bb4e06,129.79333333333332,127.21,123.99833333333333,129.79333333333332,3.0310779160758465,135.855489165485,123.73117750118163,2.279000078858129,122.66366083153642,111.11757332898799,11.546087502548431,11.746402057909293
2013-12-31,129.46,139.905,126.05,138.68,9444800,67a9260713de9e5d59bb4e05,131.73,129.62,126.26499999999999,131.73,6.189903068707067,144.10980613741413,119.35019386258585,6.923670007710125,125.12771301130005,113.15923456387776,11.968478447422285,11.79081733581189
2014-01-31,138.53,142.532,134.88,137.24,8699100,67a9260713de9e5d59bb4e04,135.20666666666668,131.5,127.91416666666667,135.20666666666668,4.822958981094709,144.8525846288561,125.56074870447726,-1.0383616959907638,126.99114177879234,114.94299496655347,12.048146812238869,11.842283231097287
2014-02-28,136.86,138.06,130.73,135.62,10154200,67a9260713de9e5d59bb4e03,137.18,133.48666666666668,128.83166666666668,137.18,1.5308820986569946,140.24176419731398,134.11823580268603,-1.1804138735062697,128.3186584282089,116.474624969031,11.844033459177894,11.842633276713409
2014-03-31,134.52,139.78,132.15,133.51,12728400,67a9260713de9e5d59bb4e02,135.45666666666668,133.59333333333333,129.34833333333333,135.45666666666668,1.8703564722592305,139.19737961118514,131.7159537221482,-1.5558177259991202,129.1173263623306,117.73650460095462,11.380821761375984,11.750270973645925
2014-04-30,134.19,139.94,126.75,138.95,11476100,67a9260713de9e5d59bb4e01,136.02666666666667,135.61666666666665,130.95666666666668,136.02666666666667,2.7427054769555337,141.51207762057774,130.5412557127556,4.074601153471646,130.6300453835105,119.30787463051354,11.322170752996954,11.664650929516132
2014-05-30,138.91,143.07,136.45,141.68,8132900,67a9260713de9e5d59bb4e00,138.04666666666665,137.61333333333334,132.41166666666666,138.04666666666665,4.159234705245869,146.36513607715838,129.72819725617492,1.9647355163728175,132.33003840143195,120.96506910232735,11.364969299104601,11.604714603433825
2014-06-30,141.54,151.45,140.26,146.01,8641400,67a9260713de9e5d59bb4dff,142.21333333333334,138.835,134.2275,142.21333333333334,3.5600889501978923,149.33351123372913,135.09315543293755,3.056182947487285,134.4346478781347,122.82024916882162,11.614398709313093,11.60665142460968
2014-07-31,146.04,150.78,142.0,144.07,9619300,67a9260713de9e5d59bb4dfe,143.92,139.97333333333333,135.73666666666668,143.92,2.1688937272230673,148.25778745444612,139.58221254555386,-1.3286761180741014,135.91700974303706,124.39430478594595,11.522704957091108,11.589862131105965
2014-08-29,143.44,151.74,142.42,150.56,5190695,67a9260713de9e5d59bb4dfd,146.88,142.46333333333334,137.975,146.88,3.331321059277708,153.54264211855542,140.21735788144457,4.504754633164443,138.16977747487752,126.33250443143145,11.837273043446075,11.639344313573988
2014-09-30,150.95,151.5,144.8,146.29,6152859,67a9260713de9e5d59bb4dfc,146.97333333333333,144.59333333333333,139.09333333333333,146.97333333333333,3.2985198700811953,153.57037307349572,140.37629359317094,-2.8360786397449544,139.4190424787425,127.8108374365106,11.608205042231916,11.633116459305572
2014-10-31,146.28,159.19,137.3401,158.3,11024015,67a9260713de9e5d59bb4dfb,151.71666666666667,147.81833333333336,141.7175,151.71666666666667,6.087974485271748,163.89261563721016,139.54071769612318,8.209720418347132,142.3238051743206,130.069293922695,12.254511251625587,11.757395417769576
2014-11-28,158.2,160.6,155.09,157.82,6385469,67a9260713de9e5d59bb4dfa,154.13666666666666,150.50833333333333,144.06083333333333,154.13666666666666,6.799649500769831,167.73596566820632,140.537367665127,-0.3032217308907237,144.70783514750204,132.12490178027315,12.58293336722889,11.922503007661438
2014-12-31,157.06,160.88,148.15,156.35,7422255,67a9260713de9e5d59bb4df9,157.49,152.23166666666665,145.53333333333333,157.49,1.0160216533054693,159.52204330661095,155.45795669338906,-0.9314408820174869,146.49893743250172,133.91935350025292,12.579583932248795,12.05391919257891
2015-01-30,156.66,159.0,144.615,154.34,9797970,67a9260713de9e5d59bb4df8,156.17,153.94333333333336,146.95833333333334,156.17,1.746968803380774,159.66393760676152,152.67606239323845,-1.2855772305724322,147.70525475057838,135.43199398171566,12.273260768862713,12.09778750783567
2015-02-27,154.79,169.64,153.99,167.57,7729823,67a9260713de9e5d59bb4df7,159.42,156.77833333333334,149.6208333333333,159.42,7.129298703237607,173.6785974064752,145.16140259352477,8.57198393157963,150.76136940433554,137.8125870201071,12.948782384228451,12.267986483114228
2015-03-31,167.57,174.19,165.07,172.0,8112207,67a9260713de9e5d59bb4df6,164.63666666666666,161.06333333333333,152.82833333333335,164.63666666666666,9.188157232727267,183.01298113212118,146.26035220121213,2.643671301545636,154.02885103443776,140.34498798158063,13.683863052857134,12.551161797062809
2015-04-30,171.41,176.41,165.95,168.17,9990507,67a9260713de9e5d59bb4df5,169.24666666666664,162.70833333333331,155.26333333333332,169.24666666666664,2.4032547375004163,174.05317614166748,164.4401571916658,-2.2267441860465143,156.20441241375502,142.40609998294502,13.79831243081,12.800591923812249
2015-05-29,168.53,178.0,166.77,174.96,7463068,67a9260713de9e5d59bb4df4,171.71,165.565,158.03666666666666,171.71,3.40427672200496,178.51855344400994,164.90144655599008,4.037581019206771,159.08988742702348,144.81749998420835,14.27238744281513,13.094951027612826
2015-06-30,175.58,178.92,172.14,172.46,6415317,67a9260713de9e5d59bb4df3,171.86333333333332,168.25,160.24083333333334,171.86333333333332,3.4340986202085366,178.73153057375038,164.99513609291625,-1.428898033836301,161.14682782286602,146.8650925779707,14.281735244895316,13.332307871069325
2015-07-31,173.97,177.97,158.21,167.27,9696837,67a9260713de9e5d59bb4df2,171.56333333333336,170.405,162.17416666666665,171.56333333333336,3.922630919844248,179.40859517302187,163.71807149364486,-3.009393482546674,162.08885431165584,148.3765672018247,13.712287109831124,13.408303718821687
2015-08-31,167.46,171.78,152.785,162.09,9022127,67a9260713de9e5d59bb4df1,167.27333333333334,169.49166666666667,163.135,167.27333333333334,5.185000803598631,177.6433349405306,156.9033317261361,-3.0967896215699175,162.08903057140108,149.39237703872658,12.696653532674503,13.265973681592252
2015-09-30,159.3,163.98,150.91,156.7,9764043,67a9260713de9e5d59bb4df0,162.02,166.94166666666666,164.0025,162.02,5.285347670682201,172.5906953413644,151.4493046586356,-3.3253130976617973,161.25994894503168,149.93368244326535,11.326266501766327,12.878032245627068
2015-10-30,157.59,187.04,154.68,186.35,12186553,67a9260713de9e5d59bb4def,168.38,169.97166666666666,166.34,168.38,15.794103330040144,199.96820666008028,136.7917933399197,18.921506062539883,165.1199567996422,152.6311874474679,12.488769352174302,12.800179666936515
2015-11-30,186.35,195.93,183.68,193.49,6845869,67a9260713de9e5d59bb4dee,178.84666666666666,173.06000000000003,169.3125,178.84666666666666,19.508998778341187,217.86466422334905,139.82866910998428,3.831499865843857,169.4845788304665,155.6577661550629,13.826812675403602,13.005506268629933
2015-12-31,194.31,194.98,182.09,189.79,8470703,67a9260713de9e5d59bb4ded,189.87666666666667,175.94833333333335,172.09916666666666,189.87666666666667,3.5707888950926114,197.01824445685187,182.73508887648146,-1.9122435267972637,172.6084897796255,158.1860797732064,14.422410006419113,13.28888701618777
2016-01-29,186.38,188.076,164.73,175.67,10694358,67a9260713de9e5d59bb4dec,186.31666666666663,177.34833333333333,173.87666666666667,186.31666666666663,9.404048773444188,205.124764213555,167.50856911977826,-7.439801886295383,173.0794913519908,159.4811849751911,13.598306376799712,13.35077088831016
2016-02-29,157.34,174.44,155.79,167.93,13838649,67a9260713de9e5d59bb4deb,177.79666666666665,178.32166666666663,173.90666666666667,177.79666666666665,11.08408468631115,199.96483603928897,155.62849729404434,-4.405988501166947,172.28726191322298,160.10702312517697,12.180238788046012,13.116664468257332
2016-03-31,169.0,184.42,168.58,182.77,9054029,67a9260713de9e5d59bb4dea,175.45666666666668,182.66666666666666,174.80416666666667,175.45666666666668,7.422299733459817,190.30126613358632,160.61206719974703,8.837015423092964,173.8999908496502,161.78576215294163,12.11422869670858,12.916177313947582
2016-04-29,181.24,185.14,175.02,176.09,9789620,67a9260713de9e5d59bb4de9,175.5966666666667,180.95666666666668,175.46416666666667,175.5966666666667,7.4322899118184065,190.4612464903035,160.7320868430299,-3.6548667724462525,174.2369153343194,162.8453353267978,11.391580007521611,12.611257852662389
2016-05-31,176.03,183.73,169.53,171.08,15954387,67a9260713de9e5d59bb4de8,176.64666666666668,177.22166666666666,175.14083333333335,176.64666666666668,5.864847255753351,188.37636117817337,164.91697215515998,-2.8451360099948864,173.7512360521164,163.45531048777573,10.295925564340678,12.148191394998047
2016-06-30,170.16,175.07,163.85,170.56,10121237,67a9260713de9e5d59bb4de7,172.57666666666668,174.01666666666668,174.9825,172.57666666666668,3.053724501869458,178.6841156704056,166.46921766292778,-0.3039513677811634,173.2602766594831,163.98158378497754,9.278692874505566,11.574291690899553
2016-07-29,170.95,174.56,159.28,170.36,17161628,67a9260713de9e5d59bb4de6,170.66666666666666,173.13166666666666,175.24,170.66666666666666,0.37166292970638776,171.40999252607944,169.92334080725388,-0.11726078799249029,172.81408025033187,164.45405906016438,8.360021190167487,10.931437590753141
2016-08-31,170.09,179.17,168.49,177.55,10945341,67a9260713de9e5d59bb4de5,172.82333333333335,174.735,176.52833333333334,172.82333333333335,4.094634700839363,181.01260273501208,164.63406393165462,4.220474289739373,173.54268328874235,165.42412875941147,8.11855452933088,10.368860978468689
2016-09-30,177.12,183.49,174.445,182.47,9331889,67a9260713de9e5d59bb4de4,176.79333333333332,174.68500000000003,178.67583333333334,176.79333333333332,6.090355764100943,188.97404486153522,164.61262180513143,2.7710504083356735,174.91611662893584,166.68678588834396,8.229330740591877,9.940954930893328
2016-10-31,181.16,183.0,167.5,173.31,11467502,67a9260713de9e5d59bb4de3,177.77666666666667,174.22166666666666,177.58916666666667,177.77666666666667,4.584204765640121,186.94507619794692,168.60825713538642,-5.020003288211761,174.6690217629457,167.17739434105923,7.491627421886477,9.451089429091958
2016-11-30,172.87,184.6,169.42,181.11,15781541,67a9260713de9e5d59bb4de2,178.96333333333334,175.89333333333335,176.5575,178.96333333333334,4.94292760753358,188.8491885484005,169.07747811826619,4.50060585078762,175.6599414917233,168.20943920468446,7.45050228703883,9.050972000681334
2016-12-30,181.41,189.44,181.16,183.08,13536553,67a9260713de9e5d59bb4de1,179.16666666666666,177.98000000000002,175.99833333333333,179.16666666666666,5.1667817191475836,189.50023010496182,168.8331032283715,1.0877367345812017,176.8014889545351,169.3109622265597,7.490526727975407,8.73888294614015
2017-01-31,184.82,191.94,183.74,191.85,9957222,67a9260713de9e5d59bb4de0,185.3466666666667,181.5616666666667,177.3466666666667,185.3466666666667,5.717537348659583,196.78174136398587,173.9115919693475,4.790255625955853,179.11664449999125,170.98052058014787,8.136123919843385,8.618331140880796
2017-02-28,192.14,211.99,189.74,209.2,10157498,67a9260713de9e5d59bb4ddf,194.71,186.83666666666667,180.78583333333336,194.71,13.29279127948616,221.29558255897234,168.12441744102767,9.043523586135006,183.74485303845415,173.81159312976655,9.933259908687603,8.881316894442158
2017-03-31,211.68,214.44,203.5,206.49,11553790,67a9260713de9e5d59bb4dde,202.51333333333332,190.84,182.76250000000002,202.51333333333332,9.333597020083774,221.18052737350087,183.84613929316578,-1.2954110898661497,187.24410641715352,176.23221586089494,11.011890556258578,9.307431626805442
2017-04-28,207.13,225.57,204.62,218.7,9566875,67a9260713de9e5d59bb4ddd,211.46333333333334,198.405,186.3133333333333,211.46333333333334,6.411944582832584,224.28722249899852,198.63944416766816,5.913119279383983,192.08347466066837,179.37797764897678,12.705497011691591,9.987044703782672
2017-05-31,218.73,230.12,215.16,227.2,9639969,67a9260713de9e5d59bb4ddc,217.46333333333334,206.08666666666667,190.99,217.46333333333334,10.410236948951534,238.2838072312364,196.64285943543027,3.886602652034754,197.48601702056555,182.9203496749785,14.565667345587059,10.90276923214355
2017-06-30,228.16,235.5,225.74,231.53,8999730,67a9260713de9e5d59bb4ddb,225.81000000000003,214.16166666666666,196.07083333333333,225.81000000000003,6.526967136425815,238.86393427285165,212.7560657271484,1.9058098591549388,202.72355286355548,186.52106451386896,16.20248834968652,11.962713055652143
2017-07-31,233.08,238.4919,226.81,232.46,7277576,67a9260713de9e5d59bb4dda,230.39666666666665,220.92999999999998,201.2458333333333,230.39666666666665,2.807175329992015,236.0110173266507,224.7823160066826,0.40167580875047904,207.29839088454696,189.92394862395275,17.374442260594208,13.045058896640557
2017-08-31,233.68,237.83,227.31,230.66,8016023,67a9260713de9e5d59bb4dd9,231.55000000000004,224.5066666666667,205.6716666666667,231.55000000000004,0.900166651227641,233.3503333024553,229.74966669754477,-0.7743267658952169,210.89248459461666,192.94143391106735,17.95105068354931,14.026257254022308
2017-09-29,231.2,247.54,227.46,243.4,6652183,67a9260713de9e5d59bb4dd8,235.50666666666666,230.65833333333333,210.74916666666664,235.50666666666666,6.894819311143389,249.29630528895345,221.71702804437987,5.5232810196826465,215.89364081082948,196.6791054732105,19.21453533761897,15.063912870741643
2017-10-31,243.45,261.07,243.45,258.17,7449957,67a9260713de9e5d59bb4dd7,244.07666666666668,237.23666666666668,217.82083333333333,244.07666666666668,13.767477377258206,271.6116214211831,216.54171191215028,6.068200493015619,222.39769607070184,201.233986549269,21.16370952143285,16.283872200879884
2017-11-30,259.33,267.83,253.85,267.21,7253952,67a9260713de9e5d59bb4dd6,256.26,243.905,224.9958333333333,256.26,12.019363543881324,280.29872708776264,232.22127291223734,3.501568733780047,229.29189667520924,206.12109865673054,23.170798018478706,17.66125736439965
2017-12-29,265.68,266.3,252.23,259.0,9021370,67a9260713de9e5d59bb4dd5,261.46000000000004,248.48333333333335,231.3225,261.46000000000004,4.996909044597826,271.4538180891957,251.46618191080438,-3.0724898020283553,233.86237410979243,210.03805431178753,23.824319798004893,18.893869851120698
2018-01-31,260.44,284.57,257.96,280.59,8072316,67a9260713de9e5d59bb4dd4,268.93333333333334,256.505,238.7175,268.93333333333334,10.897680181273325,290.72869369588,247.13797297078668,8.335907335907322,241.05123963136282,215.2641243627662,25.787115268596608,20.27251893461588
2018-02-28,280.41,290.42,254.1,275.09,10402996,67a9260713de9e5d59bb4dd3,271.55999999999995,263.90999999999997,244.2083333333333,271.55999999999995,11.219523162772303,293.99904632554455,249.12095367445534,-1.9601553868633936,246.28797199576854,219.69567070626502,26.592301289503524,21.536475405593414
2018-03-29,275.0,292.97,264.61,280.69,8871051,67a9260713de9e5d59bb4dd2,278.78999999999996,270.125,250.39166666666665,278.78999999999996,3.2046840717901333,285.1993681435802,272.3806318564197,2.0356974081209955,251.58059168872722,224.2137691724676,27.366822516259617,22.702544827726655
2018-04-30,280.69,284.71,260.93,264.19,11832121,67a9260713de9e5d59bb4dd1,273.3233333333333,271.12833333333333,254.1825,273.3233333333333,8.390669421048514,290.1046721754303,256.5419944912363,-5.878371156792195,253.52050065969226,227.17497145598853,26.345529203703734,23.43114170292207
2018-05-31,263.98,284.99,257.44,275.79,9025524,67a9260713de9e5d59bb4dd0,273.5566666666667,272.55833333333334,258.2316666666666,273.5566666666667,8.473684755365797,290.5040361773983,256.60929715593505,4.390779363337005,256.9465774812781,230.77608468147085,26.17049279980725,23.979011922299104
2018-06-29,278.44,287.92,267.23,275.91,8705132,67a9260713de9e5d59bb4dcf,271.96333333333337,275.37666666666667,261.93,271.96333333333337,6.732171516926674,285.42767636718673,258.49899029948,0.04351136734472849,259.864027099543,234.11933766802855,25.744689431514473,24.332147424142182
2018-07-31,274.19,312.38,270.31,301.9,9686316,67a9260713de9e5d59bb4dce,284.5333333333333,278.92833333333334,267.71666666666664,284.5333333333333,15.040094192966926,314.61352171926717,254.45314494739944,9.41973832046681,266.3310998534595,239.1401274703968,27.19097238306267,24.903912415926282
2018-08-31,301.54,304.33,290.91,298.37,8896745,67a9260713de9e5d59bb4dcd,292.06,282.80833333333334,273.3591666666667,292.06,14.097237317999012,320.254474635998,263.865525364002,-1.1692613448161526,271.2601614144657,243.52752543555258,27.732635978913123,25.46965712852365
2018-09-28,298.37,312.65,293.89,296.21,8938471,67a9260713de9e5d59bb4dcc,298.82666666666665,285.395,277.76,298.82666666666665,2.872356755926722,304.5713801785201,293.0819531548132,-0.7239333713174978,275.0985981199325,247.42993095884498,27.668667161087512,25.909459135036425
2018-10-31,299.11,301.71,262.72,282.9,13615851,67a9260713de9e5d59bb4dcb,292.4933333333333,288.5133333333333,279.8208333333333,292.4933333333333,8.377973104117583,309.24927954156846,275.7373871250981,-4.493433712568784,276.298813793789,250.05734348041202,26.241470313376993,25.97586137070454
2018-11-30,283.58,298.95,280.97,297.59,8705096,67a9260713de9e5d59bb4dca,292.2333333333333,292.14666666666665,282.3525,292.2333333333333,8.112301358635374,308.457936050604,276.00873061606256,5.192647578649701,279.5743809024368,253.57828100038148,25.996099902055334,25.9799090769747
2018-12-31,301.35,303.75,245.59,266.52,10330401,67a9260713de9e5d59bb4dc9,282.33666666666664,290.58166666666665,282.9791666666667,282.33666666666664,15.542658502756757,313.42198367218015,251.25134966115314,-10.440538996606064,277.56601460975423,254.53692685220506,23.029087757549178,25.3897448130896
2019-01-31,262.9,289.31,257.89,283.26,8188382,67a9260713de9e5d59bb4dc8,282.45666666666665,287.47499999999997,283.20166666666665,282.45666666666665,15.550570193189602,313.55780705304585,251.35552628028745,6.280954524988758,278.4420123620997,256.6645619001898,21.777450461909893,24.66728594285366
2019-02-28,290.0,324.67,286.12,323.65,8142722,67a9260713de9e5d59bb4dc7,291.1433333333334,291.68833333333333,287.24833333333333,291.1433333333334,29.36953239895584,349.88239813124505,232.4042685354217,14.258984678387332,285.3970873833151,261.6264462038795,23.770641179435643,24.48795699017006
2019-03-29,326.11,342.57,315.09,341.97,8071117,67a9260713de9e5d59bb4dc6,316.29333333333335,299.315,292.355,316.29333333333335,30.03841595912337,376.3701652515801,256.2165014150866,5.660435655801033,294.10061240126663,267.57782055914765,26.522791842118977,24.894923960559844
2019-04-30,344.9,363.85,340.83,359.7,9277751,67a9260713de9e5d59bb4dc5,341.77333333333337,312.115,300.31416666666667,341.77333333333337,18.025804651479902,377.82494263629314,305.7217240303736,5.184665321519422,304.19282587799484,274.4016857029145,29.79114017508033,25.874167203463944
2019-05-31,360.0,361.66,342.0,343.92,7265082,67a9260713de9e5d59bb4dc4,348.53,319.83666666666664,305.9916666666667,348.53,9.722515106698467,367.9750302133969,329.08496978660304,-4.38698915763135,310.3046988198418,279.5511904656616,30.753508354180212,26.8500354336072
2019-06-28,344.76,370.31,344.76,366.26,11296187,67a9260713de9e5d59bb4dc3,356.6266666666666,336.46,313.5208333333333,356.6266666666666,11.482723254233393,379.5921131751334,333.6612201581998,6.495696673645024,318.91320669371225,285.97406524598296,32.9391414477293,28.06785663643162
2019-07-31,370.0,385.51,351.24,363.65,10131600,67a9260713de9e5d59bb4dc2,357.9433333333333,349.85833333333335,318.6666666666667,357.9433333333333,12.214476383918878,382.3722861011711,333.51438056549557,-0.712608529459946,325.795790279295,291.727838190725,34.067952088569996,29.267875726859298
2019-08-30,363.04,369.26,342.53,366.76,9117128,67a9260713de9e5d59bb4dc1,365.5566666666666,357.0433333333333,324.36583333333334,365.5566666666666,1.670039919676003,368.89674650601864,362.2165868273146,0.8552179293276563,332.0979763901727,297.28577610252313,34.812200287649546,30.37674063901735
2019-09-30,363.04,377.25,338.48,356.6,11397014,67a9260713de9e5d59bb4dc0,362.33666666666664,359.4816666666666,329.39833333333337,362.33666666666664,5.205769235503199,372.74820513767304,351.92512819566025,-2.7702039480859364,335.8675184839923,301.679422317151,34.18809616684126,31.139011744582135
2019-10-31,357.93,359.97,322.2,336.96,12395645,67a9260713de9e5d59bb4dbf,353.44000000000005,355.69166666666666,333.90333333333336,353.44000000000005,15.149231003584966,383.73846200716997,323.14153799283014,-5.507571508693221,336.03559256337803,304.2927984418065,31.742794121571535,31.259768219980014
2019-11-29,340.09,364.49,334.91,360.37,11414456,67a9260713de9e5d59bb4dbe,351.31,358.43333333333334,339.135,351.31,12.569610176929931,376.44922035385986,326.17077964614015,6.947412155745503,339.7793475536276,308.4466652238949,31.332682329732677,31.27435104193055
2019-12-31,360.33,361.88,342.82,354.23,9680358,67a9260713de9e5d59bb4dbd,350.52,356.42833333333334,346.44416666666666,350.52,12.137961113794221,374.79592222758845,326.2440777724115,-1.7038044232316696,342.00252485306953,311.83802335545823,30.164501497611298,31.052381133066703
2020-01-31,353.93,393.0,353.93,381.66,9828728,67a9260713de9e5d59bb4dbc,365.42,359.43,354.6441666666667,365.42,14.395419410353368,394.2108388207067,336.6291611792933,7.743556446376654,348.10367487567424,317.0100216254243,31.09365325024993,31.06063555650335
2020-02-28,384.66,395.0,341.13,351.7,8827937,67a9260713de9e5d59bb4dbb,362.53000000000003,356.92,356.9816666666666,362.53000000000003,16.6152911500214,395.7605823000428,329.29941769995725,-7.849918775873821,348.65695566403207,319.57964965317063,29.077306010861435,30.66396964737497
2020-03-31,354.09,371.1,240.0,311.81,18523253,67a9260713de9e5d59bb4dba,348.39000000000004,349.455,354.4683333333333,348.39000000000004,35.042441410380974,418.474882820762,278.3051171792381,-11.342052885982367,342.988193254181,319.00412004923203,23.98407320494897,29.32799035888977
2020-04-30,298.16,354.94,290.0,341.03,13224064,67a9260713de9e5d59bb4db9,334.84666666666664,350.1333333333334,352.91249999999997,334.84666666666664,20.651349431291873,376.14936552925036,293.5439678040829,9.371091369744388,342.6869327535378,320.6356667122519,22.051266041285885,27.872645495368996
2020-05-29,335.83,394.95,333.22,393.8,12907732,67a9260713de9e5d59bb4db8,348.87999999999994,355.705,357.06916666666666,348.87999999999994,41.554866141042766,431.98973228208547,265.7702677179144,15.47371199014751,350.55048156068585,326.05524695578885,24.495234604897007,27.1971633172746
2020-06-30,392.93,410.41,380.98,388.26,12655756,67a9260713de9e5d59bb4db7,374.3633333333334,361.3766666666667,358.9025,374.3633333333334,29.000107471064766,432.3635482754629,316.3631183912039,-1.4068054850177814,356.351945935965,330.66300644054525,25.68893949541973,26.895518552903628
2020-07-31,391.62,441.034,386.17,432.45,10078354,67a9260713de9e5d59bb4db6,404.83666666666664,369.8416666666667,364.6358333333333,404.83666666666664,24.07374157320155,452.98414981306973,356.68918352026355,11.381548446917012,368.05933886889346,338.20278374124564,29.856555127647823,27.48772586785247
2020-08-31,434.54,455.72,425.37,427.19,8816055,67a9260713de9e5d59bb4db5,415.9666666666667,382.42333333333335,369.6716666666666,415.9666666666667,24.13838091780987,464.2434285022864,367.689904831047,-1.2163255867730371,377.1563636582944,344.79442939004224,32.361934268252185,28.462567547932412
2020-09-30,429.3,445.85,380.07,395.11,11288943,67a9260713de9e5d59bb4db4,418.25,396.3066666666667,372.8808333333333,418.25,20.21166989637306,458.6733397927461,377.8266602072539,-7.509539080970995,379.91846155701836,348.52150869448354,31.396952862534818,29.049444610852895
2020-10-30,398.13,438.32,362.9,371.34,12559699,67a9260713de9e5d59bb4db3,397.87999999999994,401.35833333333335,375.74583333333334,397.87999999999994,28.02784865093938,453.9356973018787,341.8243026981212,-6.016046164359301,378.59869824055403,350.211767309707,28.38693093084703,28.916941874851723
2020-11-30,377.72,427.4,375.53,427.0,11901292,67a9260713de9e5d59bb4db2,397.81666666666666,406.89166666666665,381.29833333333335,397.81666666666666,27.928541553996297,453.67374977465926,341.95958355867407,14.988958905585182,386.04505235739185,355.899784546025,30.145267811366864,29.162607062154752
2020-12-31,429.67,433.09,408.14,431.09,9560867,67a9260713de9e5d59bb4db1,409.80999999999995,414.03000000000003,387.7033333333334,409.80999999999995,33.37870129288972,476.5674025857794,343.0525974142205,0.9578454332552555,392.9750443024085,361.4694301352083,31.50561416720018,29.63120848316384
2021-01-29,429.92,439.5786,392.56,392.91,10881455,67a9260713de9e5d59bb4db0,417.0,407.44,388.6408333333333,417.0,20.962540399482904,458.92508079896584,375.07491920103416,-8.856619267438347,392.96503748665333,363.798361236304,29.166676250349326,29.53830203660094
2021-02-26,395.86,411.69,373.25,377.62,14148031,67a9260713de9e5d59bb4daf,400.54,399.17833333333334,390.8008333333333,400.54,27.539478934794033,455.6189578695881,345.46104213041195,-3.8914764195362883,390.60426248870664,364.8221863299111,25.78207615879552,28.787056861039858
2021-03-31,379.73,410.57,365.23,403.34,14397284,67a9260713de9e5d59bb4dae,391.28999999999996,400.54999999999995,398.42833333333334,391.28999999999996,12.936301635319577,417.1626032706391,365.4173967293608,6.811079921614316,392.5636067212133,367.67535771288067,24.88824900833265,28.00729529049842
2021-04-30,405.33,448.38,403.545,446.44,8540321,67a9260713de9e5d59bb4dad,409.13333333333327,413.06666666666666,407.2124999999999,409.13333333333327,34.773842659868535,478.68101865307034,339.5856480135962,10.685773788862996,400.8522826102575,373.5097756600747,27.34250695018278,27.874337622435295
2021-05-28,447.08,452.24,425.135,450.01,8524123,67a9260713de9e5d59bb4dac,433.2633333333333,416.90166666666664,411.8966666666667,433.2633333333333,25.975770120119194,485.2148735735717,381.31179309309493,0.7996595287160568,408.41500836252555,379.1764589445136,29.238549418011928,28.14717998155062
2021-06-30,454.3,472.09,444.46,470.2,8917431,67a9260713de9e5d59bb4dab,455.55,423.4199999999999,418.72499999999997,455.55,12.812224631184352,481.17444926236874,429.9255507376313,4.486566965178551,417.9203916913678,385.91894346714224,32.001448224225555,28.91803363008561
2021-07-30,470.43,499.21,468.45,491.34,8748479,67a9260713de9e5d59bb4daa,470.51666666666665,439.825,423.6325,470.51666666666665,20.666819623087857,511.8503059128424,429.18302742049093,4.495959166312202,429.215716046542,393.7279106177243,35.487805428817694,30.231987989832028
2021-08-31,494.19,495.93,475.0,483.28,8077753,67a9260713de9e5d59bb4da9,481.6066666666666,457.435,428.3066666666666,481.6066666666666,10.668876854347975,502.9444203753626,460.26891295797066,-1.6404119347091628,437.53329819322784,400.3613987201151,37.17189947311272,31.61997028648817
2021-09-30,483.64,489.25,445.8,446.13,6577191,67a9260713de9e5d59bb4da8,473.5833333333333,464.5666666666666,432.55833333333334,473.5833333333333,24.1144154673765,521.8121642680863,425.35450239858034,-7.687055123323949,438.85586770196204,403.7516654815881,35.10420222037396,32.31681667326533
2021-10-29,448.81,505.0,439.4,487.87,7737305,67a9260713de9e5d59bb4da7,472.4266666666667,471.47166666666664,442.26916666666665,472.4266666666667,22.88892818227293,518.2045230312125,426.6488103021208,9.356017304373164,446.3965034401217,409.9826532236927,36.41385021642901,33.13622338189807
2021-11-30,489.21,501.54,461.28,464.15,7584388,67a9260713de9e5d59bb4da6,466.05,473.8283333333333,445.365,466.05,20.934765343798805,507.9195306875976,424.1804693124024,-4.861950929550907,449.1278106031799,413.99504928119694,35.13276132198297,33.53553096991505
2021-12-31,468.37,494.315,459.58,491.86,8661907,67a9260713de9e5d59bb4da5,481.2933333333333,477.4383333333333,450.4291666666666,481.2933333333333,14.980001112591493,511.25333555851626,451.33333110815033,5.97005278466014,455.70199358730605,419.7628234085157,35.939170178790334,34.01625881169011
2022-01-31,491.02,492.35,417.54,437.16,11281897,67a9260713de9e5d59bb4da4,464.39000000000004,468.4083333333333,454.1166666666666,464.39000000000004,27.35078975093625,519.0915795018725,409.6884204981275,-11.121050705485303,452.84937918925897,421.05150315603305,31.79787603322592,33.57258225599727
2022-02-28,437.05,464.52,420.03,448.22,10412491,67a9260713de9e5d59bb4da3,459.08,462.565,460.0,459.08,28.92191556588053,516.9238311317611,401.2361688682389,2.5299661451184896,452.13716700629607,423.0639844037343,29.073182602561758,32.67270232531017
2022-03-31,449.21,480.63,430.61,472.23,9964965,67a9260713de9e5d59bb4da2,452.5366666666667,466.915,465.74083333333334,452.5366666666667,17.92906671673849,488.3948001001437,416.6785332331897,5.356744455847573,455.22837208225053,426.7059114849392,28.52246059731135,31.842653979710406
2022-04-29,472.44,488.23,447.12,469.92,13383581,67a9260713de9e5d59bb4da1,463.4566666666667,463.92333333333335,467.69750000000005,463.4566666666667,13.24579304282136,489.94825275230943,436.965080581024,-0.4891684136967167,457.4886225311351,429.9069550786474,27.581667452487693,30.990456674265864
2022-05-31,466.0,469.79,402.055,442.44,14630337,67a9260713de9e5d59bb4da0,461.53000000000003,460.30500000000006,467.06666666666666,461.53000000000003,16.572721562855108,494.6754431257102,428.38455687428984,-5.847803881511748,455.1734498340374,430.83532877652533,24.33812105751207,29.659989550915107
2022-06-30,443.69,445.55,369.51,394.65,14591782,67a9260713de9e5d59bb4d9f,435.67,444.1033333333333,460.7708333333333,435.67,38.08894721569413,511.8478944313883,359.49210556861175,-10.801464605370226,445.8621498595701,428.15493405233826,17.70721580723182,27.26943480217845
2022-07-29,394.84,438.77,380.18,436.67,9319212,67a9260713de9e5d59bb4d9e,424.58666666666664,444.0216666666667,456.215,424.58666666666664,26.085939379927844,476.75854542652235,372.41478790681094,10.647409096667948,444.44797295809775,428.785679678091,15.662293280006736,24.948006497744107
2022-08-31,432.87,443.32,402.45,402.58,8985569,67a9260713de9e5d59bb4d9d,411.3,436.41499999999996,449.49,411.3,22.325969183888585,455.9519383677772,366.64806163222283,-7.806810635033323,438.00674634915964,426.84451822045463,11.16222812870501,22.190850823936287
2022-09-30,398.39,413.735,359.22,359.64,12180655,67a9260713de9e5d59bb4d9c,399.62999999999994,417.65000000000003,442.2825,399.62999999999994,38.59963859934376,476.82927719868746,322.4307228013124,-10.666202990709916,425.9503238339043,421.8664057596802,4.083918074224073,18.569464273993848
2022-10-31,363.1,416.74,356.215,414.54,13643308,67a9260713de9e5d59bb4d9b,392.25333333333333,408.42,436.1716666666667,392.25333333333333,28.870097563626032,449.99352846058537,334.5131382060813,15.265265265265281,424.194889397919,421.3237090367409,2.8711803611780624,15.429807491430692
2022-11-30,416.69,442.76,388.66,438.89,11672983,67a9260713de9e5d59bb4d9a,404.3566666666666,407.8283333333333,434.06666666666666,404.3566666666666,40.59452959862053,485.5457258639077,323.16760746942555,5.87398079799295,426.45567564439295,422.6249157747601,3.830759869632857,13.109997967071127
2022-12-30,442.12,451.25,420.7,432.09,6632742,67a9260713de9e5d59bb4d99,428.50666666666666,414.0683333333333,429.08583333333337,428.50666666666666,12.56426811769251,453.6352029020517,403.37813043128165,-1.5493631661692042,427.32249477602477,423.32603312477784,3.996461651246932,11.287290703906288
2023-01-31,435.81,453.43,420.09,426.75,9526724,67a9260713de9e5d59bb4d98,432.57666666666665,412.41499999999996,428.2183333333334,432.57666666666665,6.0846144769625985,444.74589562059185,420.40743771274146,-1.2358536416024357,427.2344186566363,423.5796603007202,3.654758355916101,9.760784234308252
2023-02-28,421.93,440.66,417.76,430.2,10134893,67a9260713de9e5d59bb4d97,429.68,417.0183333333334,426.7166666666667,429.68,2.707711210585609,435.09542242117124,424.2645775788288,0.8084358523725799,427.6906619402307,424.0700558340002,3.6206061062305253,8.532748608692707
2023-03-31,428.84,440.69,416.775,440.69,15463849,67a9260713de9e5d59bb4d96,432.5466666666666,430.52666666666664,424.0883333333333,432.5466666666666,7.260236451608367,447.06713956988335,418.0261937634499,2.4384007438400745,429.69056010327216,425.30116280925944,4.389397294012724,7.704078345756711
2023-04-28,440.24,457.09,430.03,454.78,9745062,67a9260713de9e5d59bb4d95,441.89000000000004,437.23333333333335,422.8266666666666,441.89000000000004,12.333859898666118,466.55771979733225,417.22228020266783,3.1972588440854155,433.550473933538,427.4847803789439,6.065693554594077,7.376401387524185
2023-05-31,455.5,463.9,441.06,454.22,11381212,67a9260713de9e5d59bb4d94,449.8966666666667,439.78833333333324,423.80833333333334,449.8966666666667,7.978122168358522,465.8529110033837,433.9404223299497,-0.12313646158580438,436.730401020686,429.4651670175407,7.265234003145281,7.354167910648404
2023-06-30,450.15,482.75,446.86,480.8,10366901,67a9260713de9e5d59bb4d93,463.26666666666665,447.9066666666667,430.9875,463.26666666666665,15.186893472111002,493.64045361088864,432.89287972244466,5.851789881555192,443.5103393251958,433.2677472384636,10.242592086732202,7.931852745865164
2023-07-31,477.84,502.125,471.9277,493.05,9690949,67a9260713de9e5d59bb4d92,476.02333333333337,458.9566666666667,435.6858333333334,476.02333333333337,19.85080938735854,515.7249521080505,436.3217145586163,2.5478369384359434,451.13182558285797,437.6960622578367,13.435763325021298,9.03263486169639
2023-08-31,491.51,504.73,482.09,499.06,6798607,67a9260713de9e5d59bb4d91,490.97,470.43333333333334,443.72583333333336,490.97,9.306003438635917,509.58200687727185,472.3579931227282,1.2189433120373128,458.50539087780294,442.24153912762654,16.2638517501764,10.478878239392394
2023-09-29,500.37,508.9,482.37,484.28,7498851,67a9260713de9e5d59bb4d90,492.13000000000005,477.69833333333327,454.1125,492.13000000000005,7.432825842161464,506.995651684323,477.2643483156771,-2.961567747365057,462.470715358141,445.3554991922468,17.115216165894196,11.806145824692756
2023-10-31,483.8,505.53,474.46,488.57,9571876,67a9260713de9e5d59bb4d8f,490.6366666666666,483.33,460.2816666666667,490.6366666666666,7.603646055231472,505.84395877712956,475.42937455620364,0.8858511604856734,466.485989918427,448.5565733261544,17.92941659227256,13.030799978208716
2023-11-30,490.13,539.33,483.56,538.25,10678629,67a9260713de9e5d59bb4d8e,503.7,497.33500000000004,468.56166666666667,503.7,29.997964930973225,563.6959298619464,443.70407013805357,10.168450784943817,477.5266068540536,455.2005308575504,22.32607599650322,14.889855181867617
2023-12-29,538.25,551.91,531.71,545.17,17851451,67a9260713de9e5d59bb4d8d,523.9966666666667,508.06333333333333,477.98499999999996,523.9966666666667,30.874878677222743,585.7464240211121,462.2469093122212,1.2856479331165849,487.93328272266075,461.8649359792133,26.06834674344742,17.125553494183578
2024-01-31,542.38,562.69,521.7,537.0,10360845,67a9260713de9e5d59bb4d8c,540.14,515.3883333333333,487.17249999999996,540.14,4.400715850845712,548.9414317016914,531.3385682983086,-1.4986151108828394,495.48200845763597,467.4304962770494,28.0515121805866,19.310745231464182
2024-02-29,538.57,559.97,532.0292,544.73,10649483,67a9260713de9e5d59bb4d8b,542.3000000000001,523.0,496.71666666666664,542.3000000000001,4.59520402157338,551.4904080431468,533.1095919568534,1.4394785847299918,503.0586225410766,473.15638544171236,29.902237099364243,21.429043605044196
2024-03-28,541.07,563.15,534.73,560.84,9076046,67a9260713de9e5d59bb4d8a,547.5233333333334,535.7600000000001,506.7291666666667,547.5233333333334,12.162994422970717,571.8493221792748,523.197344487392,2.9574284507921433,511.94806522706483,479.65146800158556,32.296597225479275,23.602554329131213
2024-04-30,562.35,565.0,508.37,511.46,12383412,67a9260713de9e5d59bb4d89,539.01,539.5749999999999,511.45250000000004,539.01,25.182035263256303,589.3740705265126,488.6459294734874,-8.804650167605743,511.87297826905484,482.00765555702367,29.865322712031173,24.855108005711205
2024-05-31,512.0,549.9,508.22,532.76,12465736,67a9260713de9e5d59bb4d88,535.02,538.66,517.9975000000001,535.02,24.76745445135377,584.5549089027076,485.4850910972924,4.1645485472959765,515.0863662276618,485.7670884787256,29.319277748936145,25.747941954356193
2024-06-28,532.76,569.495,529.94,563.66,9467006,67a9260713de9e5d59bb4d87,535.9599999999999,541.7416666666667,524.9025,535.9599999999999,26.24671408004977,588.4534281600995,483.4665718399004,5.799984983857653,522.5592329618676,491.5369337765978,31.022299185269787,26.802813400538913
2024-07-31,567.11,579.1,520.44,544.75,12025084,67a9260713de9e5d59bb4d86,547.0566666666667,543.0333333333333,529.2108333333333,547.0566666666667,15.578608196280495,578.2138830592277,515.8994502741058,-3.3548593123514103,525.9731971215803,495.4786423857387,30.494554735841575,27.541161667599447
2024-08-30,544.45,571.19,514.79,554.41,9159488,67a9260713de9e5d59bb4d85,554.2733333333333,544.6466666666666,533.8233333333334,554.2733333333333,9.455740760681774,573.1848148546968,535.3618518119698,1.773290500229452,530.3480898721064,499.8439281349432,30.504161737163145,28.133761681512187
2024-09-30,553.29,562.14,537.93,556.44,8462238,67a9260713de9e5d59bb4d84,551.8666666666667,543.9133333333333,539.8366666666666,551.8666666666667,6.246233531754882,564.3591337301764,539.374199603157,0.3661550116339951,534.3622298917824,504.03622975457705,30.326000137205313,28.572209372650814
2024-10-31,556.6,566.47,535.0,537.73,10601178,67a9260713de9e5d59bb4d83,549.5266666666666,548.2916666666666,543.9333333333333,549.5266666666666,10.266510280188612,570.0596872270439,528.9936461062894,-3.3624469844008353,534.8803483699697,506.53206458757137,28.34828378239837,28.527424254600326
2024-11-29,536.6,575.0,533.31,566.44,9117220,67a9260713de9e5d59bb4d82,553.5366666666667,553.9050000000001,546.2824999999999,553.5366666666667,14.573538806110838,582.6837442788884,524.3895890544451,5.339110706116457,539.7356793899744,510.9696894329365,28.765989957037903,28.575137395087843
2024-12-31,566.44,580.085,513.91,519.85,12860408,67a9260713de9e5d59bb4d81,541.34,546.6033333333334,544.1725,541.34,23.503852875643293,588.3477057512866,494.3322942487134,-8.225054727773461,536.6763440992091,511.6274902156819,25.048853883527215,27.86988069277572
2025-01-31,524.7,584.31,499.47,575.65,14130351,67a9260713de9e5d59bb4d80,553.98,551.7533333333334,547.3933333333333,553.98,29.914021795804803,613.8080435916096,494.1519564083904,10.733865538136001,542.6722911608692,516.3698983478537,26.302392813015558,27.55638311682369
2025-02-07,575.24,584.435,569.68,572.76,3356776,67a9260713de9e5d59bb4d7f,556.0866666666667,554.8116666666667,549.7291666666666,556.0866666666667,31.415124276902308,618.9169152204713,493.2564181128621,-0.5020411708503425,547.3011694438125,520.5469429146793,26.75422652913312,27.395951799285577
2025-03-11,588.49,595.1668,563.93,565.75,4594694,67d19b604cf170a94165075d,571.3866666666667,556.3633333333333,550.1383333333333,571.3866666666667,5.090877462011446,581.5684215906896,561.2049117426437,-1.2238983169215678,550.1394510678413,523.895317513592,26.244133554249288,27.16558815027832
2025-04-02,585.8,593.0,584.19,590.36,850572,67edb23a355277c1de68e0fb,576.29,565.135,556.7133333333334,576.29,12.679065422967243,601.6481308459345,550.9318691540655,4.349977905435276,556.327227826635,528.8186273274,27.508600499234944,27.234190620069647
